<annotation>
	<folder>train</folder>
	<filename>1-family-hero-xxs.jpg</filename>
	<path>C:\Users\nites\Downloads\images\train\1-family-hero-xxs.jpg</path>
	<source>
		<database>Unknown</database>
	</source>
	<size>
		<width>479</width>
		<height>300</height>
		<depth>3</depth>
	</size>
	<segmented>0</segmented>
	<object>
		<name>person</name>
		<pose>Unspecified</pose>
		<truncated>0</truncated>
		<difficult>0</difficult>
		<bndbox>
			<xmin>231</xmin>
			<ymin>47</ymin>
			<xmax>299</xmax>
			<ymax>169</ymax>
		</bndbox>
	</object>
	<object>
		<name>person</name>
		<pose>Unspecified</pose>
		<truncated>0</truncated>
		<difficult>0</difficult>
		<bndbox>
			<xmin>106</xmin>
			<ymin>88</ymin>
			<xmax>173</xmax>
			<ymax>157</ymax>
		</bndbox>
	</object>
	<object>
		<name>vehicle</name>
		<pose>Unspecified</pose>
		<truncated>0</truncated>
		<difficult>0</difficult>
		<bndbox>
			<xmin>91</xmin>
			<ymin>110</ymin>
			<xmax>182</xmax>
			<ymax>213</ymax>
		</bndbox>
	</object>
	<object>
		<name>vehicle</name>
		<pose>Unspecified</pose>
		<truncated>0</truncated>
		<difficult>0</difficult>
		<bndbox>
			<xmin>199</xmin>
			<ymin>92</ymin>
			<xmax>394</xmax>
			<ymax>240</ymax>
		</bndbox>
	</object>
</annotation>
