<annotation>
	<folder>train</folder>
	<filename>11df2160079021.5a40f26b49bb8.jpg</filename>
	<path>C:\Users\nites\Downloads\images\train\11df2160079021.5a40f26b49bb8.jpg</path>
	<source>
		<database>Unknown</database>
	</source>
	<size>
		<width>1400</width>
		<height>826</height>
		<depth>3</depth>
	</size>
	<segmented>0</segmented>
	<object>
		<name>person</name>
		<pose>Unspecified</pose>
		<truncated>1</truncated>
		<difficult>0</difficult>
		<bndbox>
			<xmin>184</xmin>
			<ymin>42</ymin>
			<xmax>503</xmax>
			<ymax>826</ymax>
		</bndbox>
	</object>
	<object>
		<name>vehicle</name>
		<pose>Unspecified</pose>
		<truncated>0</truncated>
		<difficult>0</difficult>
		<bndbox>
			<xmin>479</xmin>
			<ymin>129</ymin>
			<xmax>1229</xmax>
			<ymax>677</ymax>
		</bndbox>
	</object>
</annotation>
