<annotation>
	<folder>train</folder>
	<filename>2018-01-04_metr.jpg</filename>
	<path>C:\Users\nites\Downloads\images\train\2018-01-04_metr.jpg</path>
	<source>
		<database>Unknown</database>
	</source>
	<size>
		<width>3206</width>
		<height>2138</height>
		<depth>3</depth>
	</size>
	<segmented>0</segmented>
	<object>
		<name>person</name>
		<pose>Unspecified</pose>
		<truncated>0</truncated>
		<difficult>0</difficult>
		<bndbox>
			<xmin>1286</xmin>
			<ymin>1044</ymin>
			<xmax>1461</xmax>
			<ymax>1485</ymax>
		</bndbox>
	</object>
	<object>
		<name>person</name>
		<pose>Unspecified</pose>
		<truncated>0</truncated>
		<difficult>0</difficult>
		<bndbox>
			<xmin>327</xmin>
			<ymin>1135</ymin>
			<xmax>515</xmax>
			<ymax>1496</ymax>
		</bndbox>
	</object>
	<object>
		<name>person</name>
		<pose>Unspecified</pose>
		<truncated>0</truncated>
		<difficult>0</difficult>
		<bndbox>
			<xmin>2245</xmin>
			<ymin>1008</ymin>
			<xmax>2543</xmax>
			<ymax>1580</ymax>
		</bndbox>
	</object>
	<object>
		<name>person</name>
		<pose>Unspecified</pose>
		<truncated>0</truncated>
		<difficult>0</difficult>
		<bndbox>
			<xmin>1811</xmin>
			<ymin>1019</ymin>
			<xmax>2127</xmax>
			<ymax>1617</ymax>
		</bndbox>
	</object>
	<object>
		<name>vehicle</name>
		<pose>Unspecified</pose>
		<truncated>0</truncated>
		<difficult>0</difficult>
		<bndbox>
			<xmin>429</xmin>
			<ymin>1110</ymin>
			<xmax>1334</xmax>
			<ymax>1469</ymax>
		</bndbox>
	</object>
	<object>
		<name>vehicle</name>
		<pose>Unspecified</pose>
		<truncated>0</truncated>
		<difficult>0</difficult>
		<bndbox>
			<xmin>1724</xmin>
			<ymin>528</ymin>
			<xmax>2640</xmax>
			<ymax>1578</ymax>
		</bndbox>
	</object>
</annotation>
