<annotation>
	<folder>train</folder>
	<filename>29012020_JT_HP_.jpg</filename>
	<path>C:\Users\nites\Downloads\images\train\29012020_JT_HP_.jpg</path>
	<source>
		<database>Unknown</database>
	</source>
	<size>
		<width>1920</width>
		<height>1080</height>
		<depth>3</depth>
	</size>
	<segmented>0</segmented>
	<object>
		<name>person</name>
		<pose>Unspecified</pose>
		<truncated>0</truncated>
		<difficult>0</difficult>
		<bndbox>
			<xmin>983</xmin>
			<ymin>45</ymin>
			<xmax>1386</xmax>
			<ymax>803</ymax>
		</bndbox>
	</object>
	<object>
		<name>vehicle</name>
		<pose>Unspecified</pose>
		<truncated>1</truncated>
		<difficult>0</difficult>
		<bndbox>
			<xmin>33</xmin>
			<ymin>284</ymin>
			<xmax>1920</xmax>
			<ymax>1071</ymax>
		</bndbox>
	</object>
</annotation>
