<annotation>
	<folder>train</folder>
	<filename>360_F_367015993_E5yhkBKyYp5oipTC8TAebNYKG48xXHFb.jpg</filename>
	<path>C:\Users\nites\Downloads\images\train\360_F_367015993_E5yhkBKyYp5oipTC8TAebNYKG48xXHFb.jpg</path>
	<source>
		<database>Unknown</database>
	</source>
	<size>
		<width>540</width>
		<height>360</height>
		<depth>3</depth>
	</size>
	<segmented>0</segmented>
	<object>
		<name>person</name>
		<pose>Unspecified</pose>
		<truncated>0</truncated>
		<difficult>0</difficult>
		<bndbox>
			<xmin>321</xmin>
			<ymin>88</ymin>
			<xmax>449</xmax>
			<ymax>359</ymax>
		</bndbox>
	</object>
	<object>
		<name>vehicle</name>
		<pose>Unspecified</pose>
		<truncated>0</truncated>
		<difficult>0</difficult>
		<bndbox>
			<xmin>3</xmin>
			<ymin>154</ymin>
			<xmax>317</xmax>
			<ymax>357</ymax>
		</bndbox>
	</object>
</annotation>
