<annotation>
	<folder>train</folder>
	<filename>4frugc9ggvd11.jpg</filename>
	<path>C:\Users\nites\Downloads\images\train\4frugc9ggvd11.jpg</path>
	<source>
		<database>Unknown</database>
	</source>
	<size>
		<width>750</width>
		<height>502</height>
		<depth>3</depth>
	</size>
	<segmented>0</segmented>
	<object>
		<name>person</name>
		<pose>Unspecified</pose>
		<truncated>0</truncated>
		<difficult>0</difficult>
		<bndbox>
			<xmin>463</xmin>
			<ymin>73</ymin>
			<xmax>604</xmax>
			<ymax>452</ymax>
		</bndbox>
	</object>
	<object>
		<name>vehicle</name>
		<pose>Unspecified</pose>
		<truncated>0</truncated>
		<difficult>0</difficult>
		<bndbox>
			<xmin>4</xmin>
			<ymin>135</ymin>
			<xmax>740</xmax>
			<ymax>423</ymax>
		</bndbox>
	</object>
</annotation>
