<annotation>
	<folder>train</folder>
	<filename>866125-traffic-police-dna.jpg</filename>
	<path>C:\Users\nites\Downloads\images\train\866125-traffic-police-dna.jpg</path>
	<source>
		<database>Unknown</database>
	</source>
	<size>
		<width>1280</width>
		<height>720</height>
		<depth>3</depth>
	</size>
	<segmented>0</segmented>
	<object>
		<name>person</name>
		<pose>Unspecified</pose>
		<truncated>1</truncated>
		<difficult>0</difficult>
		<bndbox>
			<xmin>215</xmin>
			<ymin>94</ymin>
			<xmax>395</xmax>
			<ymax>720</ymax>
		</bndbox>
	</object>
	<object>
		<name>person</name>
		<pose>Unspecified</pose>
		<truncated>0</truncated>
		<difficult>0</difficult>
		<bndbox>
			<xmin>427</xmin>
			<ymin>158</ymin>
			<xmax>591</xmax>
			<ymax>704</ymax>
		</bndbox>
	</object>
	<object>
		<name>person</name>
		<pose>Unspecified</pose>
		<truncated>0</truncated>
		<difficult>0</difficult>
		<bndbox>
			<xmin>638</xmin>
			<ymin>119</ymin>
			<xmax>842</xmax>
			<ymax>702</ymax>
		</bndbox>
	</object>
	<object>
		<name>vehicle</name>
		<pose>Unspecified</pose>
		<truncated>1</truncated>
		<difficult>0</difficult>
		<bndbox>
			<xmin>377</xmin>
			<ymin>309</ymin>
			<xmax>700</xmax>
			<ymax>720</ymax>
		</bndbox>
	</object>
</annotation>
