<annotation>
	<folder>train</folder>
	<filename>atv-car-saint-pat.jpg</filename>
	<path>C:\Users\nites\Downloads\images\train\atv-car-saint-pat.jpg</path>
	<source>
		<database>Unknown</database>
	</source>
	<size>
		<width>800</width>
		<height>535</height>
		<depth>3</depth>
	</size>
	<segmented>0</segmented>
	<object>
		<name>person</name>
		<pose>Unspecified</pose>
		<truncated>0</truncated>
		<difficult>0</difficult>
		<bndbox>
			<xmin>163</xmin>
			<ymin>64</ymin>
			<xmax>317</xmax>
			<ymax>397</ymax>
		</bndbox>
	</object>
	<object>
		<name>person</name>
		<pose>Unspecified</pose>
		<truncated>0</truncated>
		<difficult>0</difficult>
		<bndbox>
			<xmin>451</xmin>
			<ymin>36</ymin>
			<xmax>616</xmax>
			<ymax>276</ymax>
		</bndbox>
	</object>
	<object>
		<name>vehicle</name>
		<pose>Unspecified</pose>
		<truncated>0</truncated>
		<difficult>0</difficult>
		<bndbox>
			<xmin>335</xmin>
			<ymin>200</ymin>
			<xmax>763</xmax>
			<ymax>478</ymax>
		</bndbox>
	</object>
	<object>
		<name>vehicle</name>
		<pose>Unspecified</pose>
		<truncated>0</truncated>
		<difficult>0</difficult>
		<bndbox>
			<xmin>55</xmin>
			<ymin>222</ymin>
			<xmax>352</xmax>
			<ymax>448</ymax>
		</bndbox>
	</object>
</annotation>
