<annotation>
	<folder>train</folder>
	<filename>csm_mobilitaet.jpg</filename>
	<path>C:\Users\nites\Downloads\images\train\csm_mobilitaet.jpg</path>
	<source>
		<database>Unknown</database>
	</source>
	<size>
		<width>1440</width>
		<height>1059</height>
		<depth>3</depth>
	</size>
	<segmented>0</segmented>
	<object>
		<name>person</name>
		<pose>Unspecified</pose>
		<truncated>0</truncated>
		<difficult>0</difficult>
		<bndbox>
			<xmin>589</xmin>
			<ymin>488</ymin>
			<xmax>760</xmax>
			<ymax>949</ymax>
		</bndbox>
	</object>
	<object>
		<name>vehicle</name>
		<pose>Unspecified</pose>
		<truncated>0</truncated>
		<difficult>0</difficult>
		<bndbox>
			<xmin>27</xmin>
			<ymin>150</ymin>
			<xmax>1348</xmax>
			<ymax>888</ymax>
		</bndbox>
	</object>
</annotation>
