<annotation>
	<folder>train</folder>
	<filename>d3493f9185.jpg</filename>
	<path>C:\Users\nites\Downloads\images\train\d3493f9185.jpg</path>
	<source>
		<database>Unknown</database>
	</source>
	<size>
		<width>736</width>
		<height>552</height>
		<depth>3</depth>
	</size>
	<segmented>0</segmented>
	<object>
		<name>person</name>
		<pose>Unspecified</pose>
		<truncated>0</truncated>
		<difficult>0</difficult>
		<bndbox>
			<xmin>472</xmin>
			<ymin>222</ymin>
			<xmax>577</xmax>
			<ymax>465</ymax>
		</bndbox>
	</object>
	<object>
		<name>vehicle</name>
		<pose>Unspecified</pose>
		<truncated>0</truncated>
		<difficult>0</difficult>
		<bndbox>
			<xmin>43</xmin>
			<ymin>121</ymin>
			<xmax>707</xmax>
			<ymax>499</ymax>
		</bndbox>
	</object>
</annotation>
