<annotation>
	<folder>train</folder>
	<filename>feb-dhaka-bangladesh.jpg</filename>
	<path>C:\Users\nites\Downloads\images\train\feb-dhaka-bangladesh.jpg</path>
	<source>
		<database>Unknown</database>
	</source>
	<size>
		<width>1600</width>
		<height>1290</height>
		<depth>3</depth>
	</size>
	<segmented>0</segmented>
	<object>
		<name>person</name>
		<pose>Unspecified</pose>
		<truncated>0</truncated>
		<difficult>0</difficult>
		<bndbox>
			<xmin>1204</xmin>
			<ymin>566</ymin>
			<xmax>1343</xmax>
			<ymax>1093</ymax>
		</bndbox>
	</object>
	<object>
		<name>person</name>
		<pose>Unspecified</pose>
		<truncated>0</truncated>
		<difficult>0</difficult>
		<bndbox>
			<xmin>978</xmin>
			<ymin>570</ymin>
			<xmax>1093</xmax>
			<ymax>1011</ymax>
		</bndbox>
	</object>
	<object>
		<name>person</name>
		<pose>Unspecified</pose>
		<truncated>0</truncated>
		<difficult>0</difficult>
		<bndbox>
			<xmin>1113</xmin>
			<ymin>557</ymin>
			<xmax>1238</xmax>
			<ymax>1037</ymax>
		</bndbox>
	</object>
	<object>
		<name>vehicle</name>
		<pose>Unspecified</pose>
		<truncated>0</truncated>
		<difficult>0</difficult>
		<bndbox>
			<xmin>243</xmin>
			<ymin>337</ymin>
			<xmax>1553</xmax>
			<ymax>1050</ymax>
		</bndbox>
	</object>
</annotation>
