<annotation>
	<folder>train</folder>
	<filename>happy-man177258602.jpg</filename>
	<path>C:\Users\nites\Downloads\images\train\happy-man177258602.jpg</path>
	<source>
		<database>Unknown</database>
	</source>
	<size>
		<width>1600</width>
		<height>1157</height>
		<depth>3</depth>
	</size>
	<segmented>0</segmented>
	<object>
		<name>person</name>
		<pose>Unspecified</pose>
		<truncated>0</truncated>
		<difficult>0</difficult>
		<bndbox>
			<xmin>767</xmin>
			<ymin>56</ymin>
			<xmax>1386</xmax>
			<ymax>1081</ymax>
		</bndbox>
	</object>
	<object>
		<name>vehicle</name>
		<pose>Unspecified</pose>
		<truncated>0</truncated>
		<difficult>0</difficult>
		<bndbox>
			<xmin>67</xmin>
			<ymin>98</ymin>
			<xmax>1594</xmax>
			<ymax>1067</ymax>
		</bndbox>
	</object>
</annotation>
