<annotation>
	<folder>train</folder>
	<filename>human-man-weari.jpg</filename>
	<path>C:\Users\nites\Downloads\images\train\human-man-weari.jpg</path>
	<source>
		<database>Unknown</database>
	</source>
	<size>
		<width>500</width>
		<height>335</height>
		<depth>3</depth>
	</size>
	<segmented>0</segmented>
	<object>
		<name>person</name>
		<pose>Unspecified</pose>
		<truncated>0</truncated>
		<difficult>0</difficult>
		<bndbox>
			<xmin>136</xmin>
			<ymin>78</ymin>
			<xmax>361</xmax>
			<ymax>314</ymax>
		</bndbox>
	</object>
	<object>
		<name>vehicle</name>
		<pose>Unspecified</pose>
		<truncated>0</truncated>
		<difficult>0</difficult>
		<bndbox>
			<xmin>35</xmin>
			<ymin>51</ymin>
			<xmax>438</xmax>
			<ymax>302</ymax>
		</bndbox>
	</object>
</annotation>
