<annotation>
	<folder>train</folder>
	<filename>james-dyson-car-hero-1-852x479.webp</filename>
	<path>C:\Users\nites\Downloads\images\train\james-dyson-car-hero-1-852x479.webp</path>
	<source>
		<database>Unknown</database>
	</source>
	<size>
		<width>852</width>
		<height>479</height>
		<depth>3</depth>
	</size>
	<segmented>0</segmented>
	<object>
		<name>person</name>
		<pose>Unspecified</pose>
		<truncated>0</truncated>
		<difficult>0</difficult>
		<bndbox>
			<xmin>373</xmin>
			<ymin>100</ymin>
			<xmax>473</xmax>
			<ymax>427</ymax>
		</bndbox>
	</object>
	<object>
		<name>vehicle</name>
		<pose>Unspecified</pose>
		<truncated>0</truncated>
		<difficult>0</difficult>
		<bndbox>
			<xmin>162</xmin>
			<ymin>175</ymin>
			<xmax>751</xmax>
			<ymax>394</ymax>
		</bndbox>
	</object>
</annotation>
