<annotation>
	<folder>train</folder>
	<filename>man-standing-in-front-of-bmw-car.jpg</filename>
	<path>C:\Users\nites\Downloads\images\train\man-standing-in-front-of-bmw-car.jpg</path>
	<source>
		<database>Unknown</database>
	</source>
	<size>
		<width>910</width>
		<height>1137</height>
		<depth>3</depth>
	</size>
	<segmented>0</segmented>
	<object>
		<name>person</name>
		<pose>Unspecified</pose>
		<truncated>0</truncated>
		<difficult>0</difficult>
		<bndbox>
			<xmin>497</xmin>
			<ymin>541</ymin>
			<xmax>711</xmax>
			<ymax>1101</ymax>
		</bndbox>
	</object>
	<object>
		<name>vehicle</name>
		<pose>Unspecified</pose>
		<truncated>0</truncated>
		<difficult>0</difficult>
		<bndbox>
			<xmin>155</xmin>
			<ymin>622</ymin>
			<xmax>821</xmax>
			<ymax>1039</ymax>
		</bndbox>
	</object>
</annotation>
