<annotation>
	<folder>train</folder>
	<filename>maxres.jpg</filename>
	<path>C:\Users\nites\Downloads\images\train\maxres.jpg</path>
	<source>
		<database>Unknown</database>
	</source>
	<size>
		<width>1280</width>
		<height>720</height>
		<depth>3</depth>
	</size>
	<segmented>0</segmented>
	<object>
		<name>person</name>
		<pose>Unspecified</pose>
		<truncated>0</truncated>
		<difficult>0</difficult>
		<bndbox>
			<xmin>368</xmin>
			<ymin>100</ymin>
			<xmax>590</xmax>
			<ymax>544</ymax>
		</bndbox>
	</object>
	<object>
		<name>vehicle</name>
		<pose>Unspecified</pose>
		<truncated>0</truncated>
		<difficult>0</difficult>
		<bndbox>
			<xmin>229</xmin>
			<ymin>37</ymin>
			<xmax>1260</xmax>
			<ymax>683</ymax>
		</bndbox>
	</object>
</annotation>
