<annotation>
	<folder>train</folder>
	<filename>maxresdefault.jpg</filename>
	<path>C:\Users\nites\Downloads\images\train\maxresdefault.jpg</path>
	<source>
		<database>Unknown</database>
	</source>
	<size>
		<width>1280</width>
		<height>720</height>
		<depth>3</depth>
	</size>
	<segmented>0</segmented>
	<object>
		<name>person</name>
		<pose>Unspecified</pose>
		<truncated>0</truncated>
		<difficult>0</difficult>
		<bndbox>
			<xmin>967</xmin>
			<ymin>185</ymin>
			<xmax>1186</xmax>
			<ymax>677</ymax>
		</bndbox>
	</object>
	<object>
		<name>vehicle</name>
		<pose>Unspecified</pose>
		<truncated>0</truncated>
		<difficult>0</difficult>
		<bndbox>
			<xmin>64</xmin>
			<ymin>182</ymin>
			<xmax>992</xmax>
			<ymax>674</ymax>
		</bndbox>
	</object>
</annotation>
