<annotation>
	<folder>train</folder>
	<filename>person-standing-car.jpg</filename>
	<path>C:\Users\nites\Downloads\images\train\person-standing-car.jpg</path>
	<source>
		<database>Unknown</database>
	</source>
	<size>
		<width>750</width>
		<height>422</height>
		<depth>3</depth>
	</size>
	<segmented>0</segmented>
	<object>
		<name>person</name>
		<pose>Unspecified</pose>
		<truncated>0</truncated>
		<difficult>0</difficult>
		<bndbox>
			<xmin>402</xmin>
			<ymin>5</ymin>
			<xmax>648</xmax>
			<ymax>421</ymax>
		</bndbox>
	</object>
	<object>
		<name>vehicle</name>
		<pose>Unspecified</pose>
		<truncated>0</truncated>
		<difficult>0</difficult>
		<bndbox>
			<xmin>12</xmin>
			<ymin>8</ymin>
			<xmax>747</xmax>
			<ymax>419</ymax>
		</bndbox>
	</object>
</annotation>
