<annotation>
	<folder>train</folder>
	<filename>photo-1602111480420-c76933522b00.jpg</filename>
	<path>C:\Users\nites\Downloads\images\train\photo-1602111480420-c76933522b00.jpg</path>
	<source>
		<database>Unknown</database>
	</source>
	<size>
		<width>1000</width>
		<height>563</height>
		<depth>3</depth>
	</size>
	<segmented>0</segmented>
	<object>
		<name>person</name>
		<pose>Unspecified</pose>
		<truncated>0</truncated>
		<difficult>0</difficult>
		<bndbox>
			<xmin>562</xmin>
			<ymin>34</ymin>
			<xmax>848</xmax>
			<ymax>562</ymax>
		</bndbox>
	</object>
	<object>
		<name>vehicle</name>
		<pose>Unspecified</pose>
		<truncated>0</truncated>
		<difficult>0</difficult>
		<bndbox>
			<xmin>103</xmin>
			<ymin>141</ymin>
			<xmax>934</xmax>
			<ymax>549</ymax>
		</bndbox>
	</object>
</annotation>
