<annotation>
	<folder>train</folder>
	<filename>photo-1573686021698-b4ac3cf6d0fd.jpg</filename>
	<path>C:\Users\nites\Downloads\images\train\photo-1573686021698-b4ac3cf6d0fd.jpg</path>
	<source>
		<database>Unknown</database>
	</source>
	<size>
		<width>1000</width>
		<height>1427</height>
		<depth>3</depth>
	</size>
	<segmented>0</segmented>
	<object>
		<name>person</name>
		<pose>Unspecified</pose>
		<truncated>0</truncated>
		<difficult>0</difficult>
		<bndbox>
			<xmin>590</xmin>
			<ymin>473</ymin>
			<xmax>934</xmax>
			<ymax>1307</ymax>
		</bndbox>
	</object>
	<object>
		<name>vehicle</name>
		<pose>Unspecified</pose>
		<truncated>0</truncated>
		<difficult>0</difficult>
		<bndbox>
			<xmin>81</xmin>
			<ymin>522</ymin>
			<xmax>697</xmax>
			<ymax>1027</ymax>
		</bndbox>
	</object>
</annotation>
