<annotation>
	<folder>train</folder>
	<filename>Senior-African-American-man-leaning-on-car.jpg</filename>
	<path>C:\Users\nites\Downloads\images\train\Senior-African-American-man-leaning-on-car.jpg</path>
	<source>
		<database>Unknown</database>
	</source>
	<size>
		<width>615</width>
		<height>345</height>
		<depth>3</depth>
	</size>
	<segmented>0</segmented>
	<object>
		<name>person</name>
		<pose>Unspecified</pose>
		<truncated>1</truncated>
		<difficult>0</difficult>
		<bndbox>
			<xmin>331</xmin>
			<ymin>1</ymin>
			<xmax>504</xmax>
			<ymax>342</ymax>
		</bndbox>
	</object>
	<object>
		<name>vehicle</name>
		<pose>Unspecified</pose>
		<truncated>0</truncated>
		<difficult>0</difficult>
		<bndbox>
			<xmin>114</xmin>
			<ymin>3</ymin>
			<xmax>553</xmax>
			<ymax>326</ymax>
		</bndbox>
	</object>
</annotation>
