<annotation>
	<folder>train</folder>
	<filename>shutterstock_editorial_1847703p.jpg</filename>
	<path>C:\Users\nites\Downloads\images\train\shutterstock_editorial_1847703p.jpg</path>
	<source>
		<database>Unknown</database>
	</source>
	<size>
		<width>1600</width>
		<height>1067</height>
		<depth>3</depth>
	</size>
	<segmented>0</segmented>
	<object>
		<name>person</name>
		<pose>Unspecified</pose>
		<truncated>0</truncated>
		<difficult>0</difficult>
		<bndbox>
			<xmin>123</xmin>
			<ymin>264</ymin>
			<xmax>299</xmax>
			<ymax>991</ymax>
		</bndbox>
	</object>
	<object>
		<name>vehicle</name>
		<pose>Unspecified</pose>
		<truncated>0</truncated>
		<difficult>0</difficult>
		<bndbox>
			<xmin>418</xmin>
			<ymin>283</ymin>
			<xmax>1412</xmax>
			<ymax>965</ymax>
		</bndbox>
	</object>
</annotation>
