<annotation>
	<folder>train</folder>
	<filename>Stylish-Woman-Charging-Electric-Car.jpg</filename>
	<path>C:\Users\nites\Downloads\images\train\Stylish-Woman-Charging-Electric-Car.jpg</path>
	<source>
		<database>Unknown</database>
	</source>
	<size>
		<width>800</width>
		<height>533</height>
		<depth>3</depth>
	</size>
	<segmented>0</segmented>
	<object>
		<name>person</name>
		<pose>Unspecified</pose>
		<truncated>0</truncated>
		<difficult>0</difficult>
		<bndbox>
			<xmin>338</xmin>
			<ymin>25</ymin>
			<xmax>522</xmax>
			<ymax>489</ymax>
		</bndbox>
	</object>
	<object>
		<name>vehicle</name>
		<pose>Unspecified</pose>
		<truncated>1</truncated>
		<difficult>0</difficult>
		<bndbox>
			<xmin>98</xmin>
			<ymin>106</ymin>
			<xmax>800</xmax>
			<ymax>490</ymax>
		</bndbox>
	</object>
</annotation>
