<annotation>
	<folder>train</folder>
	<filename>truck-driver-standing-at-a-truck-W5GRR0.jpg</filename>
	<path>C:\Users\nites\Downloads\images\train\truck-driver-standing-at-a-truck-W5GRR0.jpg</path>
	<source>
		<database>Unknown</database>
	</source>
	<size>
		<width>866</width>
		<height>1390</height>
		<depth>3</depth>
	</size>
	<segmented>0</segmented>
	<object>
		<name>person</name>
		<pose>Unspecified</pose>
		<truncated>0</truncated>
		<difficult>0</difficult>
		<bndbox>
			<xmin>455</xmin>
			<ymin>548</ymin>
			<xmax>700</xmax>
			<ymax>1144</ymax>
		</bndbox>
	</object>
	<object>
		<name>vehicle</name>
		<pose>Unspecified</pose>
		<truncated>0</truncated>
		<difficult>0</difficult>
		<bndbox>
			<xmin>26</xmin>
			<ymin>163</ymin>
			<xmax>861</xmax>
			<ymax>1012</ymax>
		</bndbox>
	</object>
</annotation>
