<annotation>
	<folder>train</folder>
	<filename>truck-driver-standing-at-a-truck-W5GW29.jpg</filename>
	<path>C:\Users\nites\Downloads\images\train\truck-driver-standing-at-a-truck-W5GW29.jpg</path>
	<source>
		<database>Unknown</database>
	</source>
	<size>
		<width>866</width>
		<height>1390</height>
		<depth>3</depth>
	</size>
	<segmented>0</segmented>
	<object>
		<name>person</name>
		<pose>Unspecified</pose>
		<truncated>0</truncated>
		<difficult>0</difficult>
		<bndbox>
			<xmin>277</xmin>
			<ymin>534</ymin>
			<xmax>585</xmax>
			<ymax>1234</ymax>
		</bndbox>
	</object>
	<object>
		<name>vehicle</name>
		<pose>Unspecified</pose>
		<truncated>0</truncated>
		<difficult>0</difficult>
		<bndbox>
			<xmin>43</xmin>
			<ymin>37</ymin>
			<xmax>839</xmax>
			<ymax>1105</ymax>
		</bndbox>
	</object>
</annotation>
