<annotation>
	<folder>train</folder>
	<filename>unconfident.jpg</filename>
	<path>C:\Users\nites\Downloads\images\train\unconfident.jpg</path>
	<source>
		<database>Unknown</database>
	</source>
	<size>
		<width>1000</width>
		<height>668</height>
		<depth>3</depth>
	</size>
	<segmented>0</segmented>
	<object>
		<name>person</name>
		<pose>Unspecified</pose>
		<truncated>0</truncated>
		<difficult>0</difficult>
		<bndbox>
			<xmin>697</xmin>
			<ymin>164</ymin>
			<xmax>890</xmax>
			<ymax>524</ymax>
		</bndbox>
	</object>
	<object>
		<name>vehicle</name>
		<pose>Unspecified</pose>
		<truncated>0</truncated>
		<difficult>0</difficult>
		<bndbox>
			<xmin>5</xmin>
			<ymin>207</ymin>
			<xmax>559</xmax>
			<ymax>532</ymax>
		</bndbox>
	</object>
</annotation>
